t_ms,seq,node,sensor_id,ax_g,ay_g,az_g,gx_dps,gy_dps,gz_dps,temp_c
3678,2,N01,IMU01,-0.00198,0.000652,1.007594,0.030351,0.340427,0.324336,41.35
3878,3,N01,IMU01,-0.001736,-0.002277,1.002956,0.045618,0.11142,0.171664,41.54
4078,4,N01,IMU01,-2.7e-05,0.001141,0.998561,-0.091786,0.080885,-0.148947,41.4
4278,5,N01,IMU01,-0.000271,0.00407,1.003932,0.030351,0.141954,0.248,41.4
4478,6,N01,IMU01,-0.00076,-0.000813,1.001491,0.045618,0.050351,0.415939,41.4
4678,7,N01,IMU01,-0.000271,-0.003254,0.998073,0.121954,0.00455,0.095328,41.4
4878,8,N01,IMU01,-0.002957,0.001629,1.005397,-0.030718,0.065618,-0.194748,41.68
5078,9,N01,IMU01,-0.001248,0.000896,0.998317,0.060885,0.141954,0.186931,41.59
5278,10,N01,IMU01,-0.004422,-0.002521,0.998561,0.015084,-0.117588,0.324336,41.54
5478,11,N01,IMU01,0.002658,0.003826,1.00027,-0.000183,-0.209191,0.018992,41.54
5678,12,N01,IMU01,0.000949,0.001141,1.002223,-0.030718,0.096153,-0.011542,41.54
5878,13,N01,IMU01,-0.00198,0.001629,1.000758,0.121954,-0.071786,-0.026809,41.68
6078,14,N01,IMU01,0.00217,-8e-05,1.001002,-0.061252,0.416763,0.095328,41.68
6278,15,N01,IMU01,0.000949,0.001873,1.00027,0.030351,-0.056519,0.110595,41.68
6478,16,N01,IMU01,-0.002225,0.005047,0.998805,0.076153,-0.010718,-0.042076,41.54
6678,17,N01,IMU01,0.001682,-0.000813,0.995143,-0.045985,0.035084,0.080061,41.68
6878,18,N01,IMU01,-0.001492,0.000896,1.002956,0.030351,0.126687,0.110595,41.4
7078,19,N01,IMU01,-0.00076,0.002361,1.0032,0.015084,0.080885,0.248,41.59
7278,20,N01,IMU01,-0.00198,-0.001301,0.999538,-0.091786,0.21829,0.446473,41.87
7478,21,N01,IMU01,0.001682,-0.000568,1.001002,0.152488,0.065618,0.171664,41.54
7678,22,N01,IMU01,0.00217,-0.002521,0.99734,-0.061252,0.416763,0.14113,41.59
7878,23,N01,IMU01,-0.000516,0.003094,0.998805,0.045618,-0.041252,0.110595,41.59
8078,24,N01,IMU01,-0.001736,0.001629,1.002467,-0.030718,0.157221,0.217466,41.59
8278,25,N01,IMU01,-0.000271,0.000408,0.995631,0.09142,-0.041252,0.309069,41.4
8478,26,N01,IMU01,-0.000516,-8e-05,1.002956,-0.091786,-0.148122,0.095328,41.68
8678,27,N01,IMU01,-0.001004,0.000652,0.998317,0.030351,0.157221,0.064794,41.78
3682,2,N01,IMU01,-0.000291,-0.000669,0.997144,0.062046,0.002473,0.271084,41.87
3882,3,N01,IMU01,-4.7e-05,-0.001158,1.001783,0.245252,0.063542,0.118412,41.87
4082,4,N01,IMU01,-4.7e-05,6.3e-05,0.987623,-0.075359,0.307817,0.087878,41.68
4282,5,N01,IMU01,-0.001512,-0.000181,1.000562,-0.090626,0.002473,0.026809,41.78
4482,6,N01,IMU01,0.00093,0.000795,1.003003,-0.060092,-0.119664,-0.14113,41.78
4682,7,N01,IMU01,0.004348,-0.000669,1.002515,0.245252,-0.134931,-0.080061,41.78
4882,8,N01,IMU01,0.00093,-0.001646,0.996412,0.031511,0.185679,-0.080061,41.87
5082,9,N01,IMU01,0.000686,0.000307,0.998853,-0.029557,-0.043328,-0.14113,41.87
5282,10,N01,IMU01,-0.001512,-0.001402,0.994214,-0.075359,0.231481,0.011542,41.73
5482,11,N01,IMU01,0.001418,0.000551,1.005201,-0.197496,-0.104397,0.164214,41.92
5682,12,N01,IMU01,0.000686,0.002993,1.000074,0.275786,-0.150199,0.011542,41.78
5882,13,N01,IMU01,0.00093,0.000307,0.996167,0.000977,0.231481,0.057343,41.78
6082,14,N01,IMU01,-0.001268,0.00104,0.999585,0.107847,-0.073863,0.057343,41.92
6282,15,N01,IMU01,-0.002244,-0.002867,1.001539,0.077313,0.01774,0.057343,41.73
6482,16,N01,IMU01,0.000686,-0.001158,0.995191,-0.075359,0.048275,0.087878,41.78
6682,17,N01,IMU01,0.001906,0.000307,0.999097,-0.136427,-0.241802,-0.110596,41.92
6882,18,N01,IMU01,-4.7e-05,-0.001158,1.001294,-0.01429,-0.012794,0.072611,41.87
7082,19,N01,IMU01,0.001174,0.002993,0.996167,0.031511,0.094076,-0.080061,41.73
7282,20,N01,IMU01,0.001906,-0.00189,1.000074,-0.029557,0.033008,-0.018992,41.87
7482,21,N01,IMU01,-0.000779,-0.001646,1.003492,0.107847,-0.272336,0.148946,41.73
7682,22,N01,IMU01,0.001174,0.00104,1.003003,-0.075359,-0.257069,-0.171664,41.92
7882,23,N01,IMU01,-0.002732,0.002016,1.000318,0.062046,0.109343,-0.477008,41.92
8082,24,N01,IMU01,0.001174,-0.000181,1.002759,-0.090626,-0.104397,-0.03426,41.73
8282,25,N01,IMU01,0.001174,-0.000425,1.000074,0.016244,-0.043328,0.103145,41.96
8482,26,N01,IMU01,0.002395,-0.000181,1.001539,0.184183,-0.058595,-0.064794,41.96
8682,27,N01,IMU01,-0.003465,6.3e-05,0.994947,-0.090626,-0.196,0.072611,41.78
8882,28,N01,IMU01,-0.003221,0.000551,0.998121,0.077313,-0.150199,-0.14113,41.78
9082,29,N01,IMU01,-0.001512,-0.000181,1.003492,-0.090626,-0.134931,-0.003725,41.78
9282,30,N01,IMU01,0.001906,0.001528,0.998609,-0.075359,0.216214,0.164214,41.96
9482,31,N01,IMU01,-0.004441,-0.001158,1.002515,-0.258565,0.216214,-0.156397,41.78
9682,32,N01,IMU01,-0.003221,-0.000914,1.00398,0.046779,-0.180733,-0.018992,41.96
9882,33,N01,IMU01,0.001174,0.002016,0.999097,0.062046,0.29255,0.011542,41.87
10082,34,N01,IMU01,0.002395,-0.001402,0.997388,-0.060092,0.063542,0.087878,41.73
10282,35,N01,IMU01,0.000441,0.000307,0.9969,-0.166962,-0.028061,0.148946,41.96
10482,36,N01,IMU01,0.00093,0.003481,0.998609,-0.01429,-0.104397,0.072611,41.73
10682,37,N01,IMU01,0.000686,-0.001158,1.001783,-0.029557,0.139878,-0.003725,41.78
10882,38,N01,IMU01,0.000441,-0.002623,0.995679,-0.044824,0.033008,0.148946,41.92
11082,39,N01,IMU01,0.000197,0.002016,1.004956,0.046779,-0.043328,-0.03426,41.78
11282,40,N01,IMU01,0.003615,0.002504,0.992994,0.214718,-0.104397,-0.003725,41.92
11482,41,N01,IMU01,-4.7e-05,0.001528,1.000562,-0.01429,-0.043328,-0.080061,41.92
11682,42,N01,IMU01,0.001662,-0.003111,1.000318,-0.166962,0.246748,-0.125863,41.92
11882,43,N01,IMU01,0.000441,-0.000425,0.995923,0.062046,0.048275,-0.125863,41.92
12082,44,N01,IMU01,-0.002488,-0.002623,0.99983,-0.12116,-0.150199,0.271084,41.68
12282,45,N01,IMU01,0.002639,0.000795,1.001294,-0.044824,-0.180733,-0.049527,41.78
12482,46,N01,IMU01,-0.001756,-0.001402,0.999341,-0.151695,0.01774,0.087878,41.92
12682,47,N01,IMU01,-0.002244,0.001528,1.000318,-0.105893,0.048275,-0.003725,41.96
12882,48,N01,IMU01,0.000197,-0.001646,0.997632,-0.029557,0.094076,0.026809,41.87
13082,49,N01,IMU01,-0.001268,0.00104,0.999097,-0.136427,-0.318137,0.133679,41.78
13282,50,N01,IMU01,0.00093,-0.000669,1.002515,-0.01429,-0.028061,-0.080061,41.87
13482,51,N01,IMU01,0.001906,0.000307,0.998853,-0.304366,-0.073863,-0.171664,41.73
13682,52,N01,IMU01,0.000197,0.001528,0.9969,0.138382,-0.196,-0.171664,41.78
13882,53,N01,IMU01,-0.000291,0.001284,1.000806,0.031511,0.231481,-0.064794,41.92
14082,54,N01,IMU01,-0.000779,0.001284,1.003247,0.229985,-0.180733,-0.018992,41.92
14282,55,N01,IMU01,0.000197,0.002504,0.993726,0.09258,-0.104397,0.164214,41.92
14482,56,N01,IMU01,-0.002732,0.002993,1.000318,-0.105893,-0.012794,-0.217466,41.92
14682,57,N01,IMU01,-0.000779,-0.002134,0.997388,0.016244,-0.165466,-0.186931,41.92
14882,58,N01,IMU01,-0.002732,-0.004087,1.000806,0.153649,0.124611,0.103145,42.06
15082,59,N01,IMU01,0.001662,-0.000181,0.995191,-0.090626,0.338351,0.179481,41.78
15282,60,N01,IMU01,-4.7e-05,0.003481,1.000806,-0.090626,-0.028061,-0.217466,41.78
15482,61,N01,IMU01,0.000686,0.002016,0.997876,-0.151695,0.002473,0.072611,41.96
15682,62,N01,IMU01,0.003127,-0.00189,0.994458,0.062046,0.002473,-0.14113,41.87
15882,63,N01,IMU01,0.001174,0.000551,1.004712,0.260519,-0.165466,-0.049527,42.06
16082,64,N01,IMU01,0.00215,0.000551,0.997876,0.19945,0.155145,-0.049527,41.92
16282,65,N01,IMU01,-0.001512,-0.000181,0.9969,-0.151695,0.262015,0.179481,41.96
16482,66,N01,IMU01,-0.001268,-0.006041,0.99983,0.153649,-0.226534,-0.018992,41.87
16682,67,N01,IMU01,0.001174,-0.002134,1.003247,-0.075359,0.063542,0.042076,41.78
16882,68,N01,IMU01,0.001662,-0.001646,1.003003,-0.029557,-0.104397,0.072611,41.92
17082,69,N01,IMU01,0.001418,-0.000181,1.007154,0.123115,0.262015,-0.018992,41.96
17282,70,N01,IMU01,0.000441,-0.001402,0.998121,-0.090626,0.078809,0.072611,41.87
17482,71,N01,IMU01,0.001418,-0.002378,1.001783,-0.182229,-0.043328,-0.248,42.06
17682,72,N01,IMU01,0.000686,0.000551,1.003003,-0.044824,-0.180733,-0.202199,41.87
17882,73,N01,IMU01,-0.001756,0.003237,0.996167,-0.182229,-0.272336,0.072611,41.87
18082,74,N01,IMU01,-0.000779,-0.000669,0.994214,0.031511,0.094076,0.042076,41.92
18282,75,N01,IMU01,0.002883,0.002016,1.000806,-0.01429,0.002473,-0.110596,41.92
18482,76,N01,IMU01,-0.002,0.00104,0.999341,0.016244,-0.043328,-0.03426,41.96
18682,77,N01,IMU01,0.002639,-0.000914,0.99397,-0.029557,0.109343,-0.14113,41.92
18882,78,N01,IMU01,-0.000291,-0.000669,0.995679,0.062046,0.124611,-0.064794,41.96
19082,79,N01,IMU01,0.002395,-0.000425,1.002027,0.077313,0.002473,0.087878,41.92
19282,80,N01,IMU01,-0.002244,-0.005308,1.006177,-0.029557,0.048275,0.148946,41.73
19482,81,N01,IMU01,-0.002,-0.002134,1.002515,0.000977,0.109343,-0.018992,41.96
19682,82,N01,IMU01,-0.002732,0.004946,1.00105,-0.151695,-0.150199,0.072611,41.96
19882,83,N01,IMU01,0.000686,0.001772,0.998365,0.168916,-0.119664,0.026809,41.92
20082,84,N01,IMU01,-4.7e-05,0.002016,0.998609,-0.01429,-0.257069,-0.35487,41.87
20282,85,N01,IMU01,0.001418,-0.000914,0.999341,0.046779,-0.226534,0.179481,41.92
20482,86,N01,IMU01,0.003615,0.000551,1.006421,0.031511,-0.363939,-0.125863,42.2
20682,87,N01,IMU01,-0.01323,-0.001158,0.9969,-0.304366,-1.173099,-0.171664,41.92
20882,88,N01,IMU01,0.00093,-0.000181,0.994214,-0.044824,0.277282,-0.156397,41.96
21082,89,N01,IMU01,0.128127,0.05353,1.03816,5.665099,19.26965,-1.728916,41.96
21282,90,N01,IMU01,-0.13701,0.183657,1.227857,25.542963,163.712402,13.126045,41.96
21482,91,N01,IMU01,-0.636521,0.095766,0.954419,-62.105896,104.09407,-60.583878,41.92
21682,92,N01,IMU01,-0.815965,-0.020201,0.43855,-106.41124,-12.562412,-33.942657,41.87
21882,93,N01,IMU01,-0.663377,-0.432066,0.593335,-116.808182,-6.425008,-54.599144,41.96
22082,94,N01,IMU01,-0.319383,-0.622984,-0.035815,-136.105881,98.979568,-74.04953,42.06
22282,95,N01,IMU01,-0.260057,-0.831236,-0.473559,-65.418869,67.45285,-24.018993,41.73
22482,96,N01,IMU01,0.061477,-0.64105,-0.923266,7.329221,-70.913559,50.713833,41.87
22682,97,N01,IMU01,-0.404832,-0.010679,0.079908,245.466629,-34.13493,269.370331,41.78
22882,98,N01,IMU01,-0.923631,0.45685,0.459058,24.672733,-147.173096,143.141312,41.96
23082,99,N01,IMU01,-0.868943,0.728334,0.658521,13.756702,-70.806686,81.202385,41.92
23282,100,N01,IMU01,-0.686082,0.646059,0.839917,-47.602077,-47.615845,-32.904488,41.92
23482,101,N01,IMU01,-0.655564,0.614077,1.414869,-213.69368,-36.745617,-143.194565,41.87
23682,102,N01,IMU01,0.004836,-0.310484,-0.025073,-285.632629,-56.974625,-128.110596,41.87
23882,103,N01,IMU01,0.306838,-0.58563,-0.970874,-205.708939,-21.585312,-88.01899,41.87
24082,104,N01,IMU01,0.359816,-0.612242,-0.936938,43.558228,21.926136,66.66803,41.96
24282,105,N01,IMU01,0.121535,-0.512632,-0.25603,273.252869,-71.081497,98.240547,41.87
24482,106,N01,IMU01,-0.166551,-0.318296,1.272535,201.649841,31.987206,28.393221,41.92
24682,107,N01,IMU01,-0.127488,-0.357359,1.005445,3.451359,-6.883023,-16.095327,41.92
24882,108,N01,IMU01,-0.133592,-0.335142,0.905103,7.756702,5.055908,-25.515177,41.96
25082,109,N01,IMU01,-0.141893,-0.437681,0.78108,-35.69368,-0.638748,-28.431206,41.92
25282,110,N01,IMU01,0.024123,-0.807798,0.836011,-24.563908,-18.058594,-0.858687,41.96
25482,111,N01,IMU01,0.164016,-0.580503,0.713941,6.703267,-39.722717,-24.415939,42.11
25682,112,N01,IMU01,0.38008,-0.52313,0.790845,2.260519,1.239114,-4.568611,42.2
25882,113,N01,IMU01,0.205764,-0.584898,0.730054,0.764336,22.689495,28.057343,42.06
26082,114,N01,IMU01,0.177932,-0.591978,0.850416,9.77197,25.941406,5.889404,41.96
26282,115,N01,IMU01,0.095656,-0.574156,0.843091,10.596396,12.002473,10.7749,41.96
26482,116,N01,IMU01,-0.016404,-0.499449,0.871412,6.962809,42.139877,28.606962,42.06
26682,117,N01,IMU01,-0.132859,-0.418882,0.815748,-35.327267,90.124611,82.439026,41.96
26882,118,N01,IMU01,-0.625291,-0.456724,0.478101,-13.831084,-19.524246,-41.438839,41.87
27082,119,N01,IMU01,-0.306932,-0.472349,0.607007,6.611664,-123.218903,-88.767082,41.96
27282,120,N01,IMU01,0.538527,-0.515074,0.833326,-5.128794,-70.165466,-51.545712,41.87
27482,121,N01,IMU01,0.544143,-0.512144,0.714429,3.130748,9.483389,18.377954,41.96
27682,122,N01,IMU01,0.348342,-0.506041,0.875074,23.512428,162.185684,172.408493,42.06
27882,123,N01,IMU01,-0.777635,-0.301207,0.448316,-11.403604,182.567368,99.141312,41.73
28082,124,N01,IMU01,-0.897996,-0.371763,0.416578,-1.449405,-39.799053,-37.33197,41.96
28282,125,N01,IMU01,-0.582566,-0.38983,0.656324,19.375023,9.407053,31.400854,41.92
28482,126,N01,IMU01,-0.724168,-0.385679,0.569166,21.039146,11.010107,-9.744184,42.25
28682,127,N01,IMU01,-0.424119,-0.270201,0.887037,5.894107,3.422321,8.240549,42.2
28882,128,N01,IMU01,-0.726365,-0.463316,0.531324,-21.46467,48.857437,27.385588,41.96
29082,129,N01,IMU01,-0.863084,-0.249449,0.267408,-7.357801,106.765831,34.393223,41.96
29282,130,N01,IMU01,-0.512498,-0.24188,-0.133227,31.466627,68.109337,13.782534,42.11
29482,131,N01,IMU01,-1.116258,-0.201353,-0.082934,17.710901,39.116978,3.950473,41.92
29682,132,N01,IMU01,-0.708787,-0.303404,-0.248461,-7.678412,238.139877,-23.347237,42.2
29882,133,N01,IMU01,-0.365281,-0.260435,-0.82268,-51.907421,32.384155,-84.675484,41.87
30082,134,N01,IMU01,0.047072,-0.219664,-1.152758,11.558228,2.048275,-38.919758,41.96
30282,135,N01,IMU01,-0.361863,-0.287779,-0.885668,24.626932,-13.60058,-7.408306,41.92
30482,136,N01,IMU01,-0.264695,-0.260679,-1.115649,38.275784,-46.699818,3.629863,41.96
30682,137,N01,IMU01,-0.520311,-0.354673,-1.017993,118.94754,-141.554779,-136.385406,41.92
30882,138,N01,IMU01,0.498488,-0.66107,0.366773,290.565857,-275.890656,21.492458,42.06
31082,139,N01,IMU01,-0.208299,-0.414732,1.054517,45.375023,-160.883011,123.690933,41.92
31282,140,N01,IMU01,-0.027635,-0.364927,1.109449,-0.319634,-29.81432,-2.675481,42.2
31482,141,N01,IMU01,-0.13701,-0.415953,0.629712,-59.586811,-46.654015,-27.423573,42.06
31682,142,N01,IMU01,-0.012254,-0.256773,1.001294,-30.686045,3.040641,-2.202199,41.96
31882,143,N01,IMU01,0.138381,-0.068785,0.919996,7.039145,-71.737991,-81.957924,41.96
32082,144,N01,IMU01,0.028518,-0.366148,1.051099,-35.831085,25.086441,-6.751817,42.06
32282,145,N01,IMU01,0.248488,-0.204527,0.962232,-3.90742,-22.852489,5.080244,42.2
32482,146,N01,IMU01,0.221389,-0.272642,0.952222,4.810137,-12.852489,-2.293802,42.06
32682,147,N01,IMU01,0.21968,-0.2265,0.942457,0.596397,4.674229,2.591695,42.2
32882,148,N01,IMU01,0.234328,-0.226988,0.963208,1.100214,2.155145,0.210015,41.96
33082,149,N01,IMU01,0.229201,-0.229185,0.980787,6.352122,15.468122,10.683297,42.06
33282,150,N01,IMU01,0.124953,-0.210386,0.995191,9.665099,32.521557,30.164213,42.25
33482,151,N01,IMU01,-0.075242,-0.228697,0.94856,-25.815817,71.269646,17.797802,42.25
33682,152,N01,IMU01,-0.460496,-0.315367,0.949292,-7.937954,238.582626,34.133678,42.06
33882,153,N01,IMU01,-0.966111,-0.275572,0.291333,-12.930321,52.88797,1.553527,41.96
34082,154,N01,IMU01,-0.983689,-0.220884,0.175611,-16.487572,62.689499,16.408487,41.92
34282,155,N01,IMU01,-0.984666,-0.219664,0.04231,-6.441771,26.933769,10.240549,42.29
34482,156,N01,IMU01,-0.997361,-0.164,-0.039721,-3.968489,20.033009,9.507725,41.92
34682,157,N01,IMU01,-0.982225,-0.157164,-0.046313,-4.044825,6.857435,4.744366,41.92
34882,158,N01,IMU01,-0.99907,-0.158384,-0.096118,0.291053,-10.806687,0.439023,42.11
35082,159,N01,IMU01,-1.046189,-0.1723,0.013501,3.49716,-78.852493,-9.347237,41.96
35282,160,N01,IMU01,-0.78618,-0.186216,0.481519,11.451359,-270.287598,-76.217468,42.06
35482,161,N01,IMU01,-0.409959,-0.298277,0.750318,-29.174595,-41.646381,-36.003727,42.2
35682,162,N01,IMU01,0.274367,-0.578306,0.925855,12.123115,-89.173103,-25.209833,42.2
35882,163,N01,IMU01,0.773147,-0.510191,0.611402,-37.647881,-105.768524,-16.217466,42.2
36082,164,N01,IMU01,0.742141,-0.361753,0.43025,7.619298,-17.783787,-19.789986,42.06
36282,165,N01,IMU01,0.742629,-0.428648,0.63899,45.619297,146.826904,43.538258,41.92
36482,166,N01,IMU01,-0.16533,-0.229185,0.791822,-54.99139,255.651337,75.416122,42.29
36682,167,N01,IMU01,-0.748826,-0.389341,0.474195,-14.304366,202.292557,68.133682,42.06
36882,168,N01,IMU01,-0.998582,-0.255064,-0.025805,5.100214,4.567358,5.461924,42.06
37082,169,N01,IMU01,-0.988084,-0.440123,0.144361,41.039143,-136.287598,0.606962,42.06
37282,170,N01,IMU01,-0.407518,-0.140074,0.862867,70.978073,-187.432632,-6.858687,42.06
37482,171,N01,IMU01,-0.230027,-0.10565,0.893873,-35.128796,-63.386837,-23.148764,41.96
37682,172,N01,IMU01,-0.394578,-0.230162,0.9969,-24.65551,54.842171,33.889404,42.06
37882,173,N01,IMU01,-0.601365,0.111635,1.76814,-302.976135,125.956665,-114.553345,42.2
38082,174,N01,IMU01,0.015822,-0.239927,-0.360034,-225.220398,96.048271,-180.064789,42.06
38282,175,N01,IMU01,1.001662,-0.410826,-1.130542,-9.342534,45.315453,10.851236,42.2
38482,176,N01,IMU01,0.202102,-0.368101,-0.966723,214.550598,1.468122,239.87413,41.96
38682,177,N01,IMU01,-0.602586,-0.191832,0.445142,230.886475,-8.40974,244.393219,42.2
38882,178,N01,IMU01,-0.944871,-0.07733,0.440503,2.062046,2.033008,11.019176,42.11
39082,179,N01,IMU01,-0.533006,-0.330503,0.616529,-63.785286,-165.524246,-4.293802,41.92
39282,180,N01,IMU01,-0.259568,-0.135191,0.827955,51.207085,-151.768509,64.576424,42.2
39482,181,N01,IMU01,0.106643,-0.166929,0.127759,71.863571,-51.844852,-23.820518,41.96
39682,182,N01,IMU01,0.084914,-0.271421,1.014234,-25.724213,19.681862,-31.011358,42.06
39882,183,N01,IMU01,-0.039598,-0.14105,0.949292,3.909374,-20.211266,-11.866321,42.2
40082,184,N01,IMU01,0.02217,-0.259214,0.950757,-11.90742,4.063542,-4.492275,42.29
40282,185,N01,IMU01,0.05635,-0.223814,0.960767,5.008611,-0.699817,9.095511,42.11
40482,186,N01,IMU01,0.091018,-0.243589,0.985425,-3.815817,-3.539511,-9.591512,42.11
40682,187,N01,IMU01,0.077834,-0.222593,0.966382,-0.228031,2.094076,2.103145,42.2
40882,188,N01,IMU01,0.048781,-0.249449,0.970777,2.810137,-0.363939,-2.370137,42.2
41082,189,N01,IMU01,0.067336,-0.2265,0.98274,0.413191,1.69713,-1.179298,41.96
41282,190,N01,IMU01,0.048049,-0.233335,0.967359,-1.144061,-0.715084,0.332153,42.29
41482,191,N01,IMU01,0.049514,-0.229673,0.956373,0.413191,-1.173099,-0.018992,42.2
41682,192,N01,IMU01,0.056105,-0.229917,0.966626,-0.136427,2.903237,0.652763,41.96
41882,193,N01,IMU01,0.064162,-0.2265,0.97273,-0.579176,-1.035695,0.103145,41.96
42082,194,N01,IMU01,0.06758,-0.230894,0.968091,-0.411237,2.078809,0.34742,42.25
42282,195,N01,IMU01,0.057326,-0.232359,0.97688,-0.12116,1.987206,2.133679,42.06
42482,196,N01,IMU01,0.040969,-0.229917,0.959791,0.367389,1.376519,-0.84342,42.2
42682,197,N01,IMU01,0.06465,-0.224058,0.974927,-0.548641,1.20858,-0.965557,41.96
42882,198,N01,IMU01,0.066115,-0.221617,0.976392,-0.243298,-0.073863,0.530626,42.06
43082,199,N01,IMU01,0.039992,-0.234556,0.974439,-1.525741,0.048275,-0.522809,42.2
43282,200,N01,IMU01,0.039016,-0.229673,0.957837,-0.334901,0.61316,-0.431206,42.2
43482,201,N01,IMU01,0.045607,-0.227964,0.967847,0.352122,0.39942,-0.644947,42.2
43682,202,N01,IMU01,0.049025,-0.221128,0.97273,0.733802,-0.486076,0.118412,42.2
43882,203,N01,IMU01,0.046828,-0.231871,0.973462,-0.273832,0.689496,0.332153,42.2
44082,204,N01,IMU01,0.037307,-0.25189,1.00398,-0.60971,3.788733,2.042076,42.2
44282,205,N01,IMU01,0.069289,-0.102232,0.951001,28.062046,-12.257069,8.454289,42.25
44482,206,N01,IMU01,0.169387,-0.171568,0.961255,-16.166962,15.116977,-34.873955,42.2
44682,207,N01,IMU01,-0.031297,-0.207701,0.972974,3.558229,-4.196,-25.896854,41.96
44882,208,N01,IMU01,0.002639,-0.103941,0.985425,-2.151695,9.498656,-9.774718,42.06
